{"job": ["admin.", "blue-collar", "entrepreneur", "housemaid", "management", "retired", "self-employed", "services", "student", "technician", "unemployed", "unknown"], "marital_status": ["divorced", "married", "single"], "education": ["primary", "secondary", "tertiary", "unknown"], "default": ["no", "yes"], "housing_loan": ["no", "yes"], "personal_loan": ["no", "yes"], "contact_channel": ["cellular", "telephone", "unknown"], "last_contact_month": ["apr", "aug", "dec", "feb", "jan", "jul", "jun", "mar", "may", "nov", "oct", "sep"], "outcome_previous_campaign": ["failure", "other", "success", "unknown"]}