{"target": "insurance_subscribe", "problem_type": "binary", "categorical": ["job", "marital_status", "education", "default", "housing_loan", "personal_loan", "contact_channel", "last_contact_month", "outcome_previous_campaign"], "dropped_cols": [], "encoder_path": "results/dt_20201028174759/dt_encoder_20201028174759.json", "features_for_train": ["age", "balance", "contact_channel", "last_contact_day", "last_contact_month", "contact_duration", "gap_between_campaigns"], "stats": {"age": [39.0, "MEDIAN"], "job": ["blue-collar", "MODE"], "marital_status": ["married", "MODE"], "education": ["secondary", "MODE"], "default": ["no", "MODE"], "balance": [447.0, "MEDIAN"], "housing_loan": ["yes", "MODE"], "personal_loan": ["no", "MODE"], "contact_channel": ["cellular", "MODE"], "last_contact_day": [16.0, "MEDIAN"], "last_contact_month": ["may", "MODE"], "contact_duration": [180.0, "MEDIAN"], "campaign": [2.0, "MEDIAN"], "gap_between_campaigns": [-1.0, "MEDIAN"], "previous": [0.0, "MEDIAN"], "outcome_previous_campaign": ["unknown", "MODE"]}}